[
  {
    "category": "Motion SX 7Px",
    "id": "1",
    "number": 0,
    "isHidden": false,
    "isActive": true,
    "productType": "BUNDLE",
    "items": [
      {
        "category": "Motion SX 7Px Old",
        "number": 1,
        "id": "11",
        "isHidden": false,
        "productType": "PRODUCT",
        "items": [
          {
            "category": "Motion SX 7Px Peral White",
            "number": 1,
            "id": "111",
            "isLeaf": true,
            "isHidden": false,
            "productType": "PRODUCT_VARIANT"
          },
          {
            "category": "Motion SX 7Px Grey",
            "number": 1,
            "id": "112",
            "isLeaf": true,
            "isHidden": false,
            "productType": "PRODUCT_VARIANT"
          }
        ]
      },
      {
        "category": "Motion SX 7Px New",
        "number": 2,
        "id": "12",
        "isLeaf": true,
        "isHidden": false,
        "productType": "PRODUCT"
      }
    ]
  }
]
